id,customer_name,phone_number,email,password
1,Juliane Nendick,8376976508,jnendick0@github.io,nnu2KqtG4m
2,Lorry Cuschieri,5497774419,lcuschieri1@arizona.edu,9UKUi41SGGc
3,Conway Djakovic,6936261771,cdjakovic2@macromedia.com,0RF3Uv
4,Allayne Fanshaw,4662592466,afanshaw3@com.com,drdBmSdt
5,Beale Dudman,1986735470,bdudman4@typepad.com,q28aMX
6,Sherie Paternoster,5324993187,spaternoster5@amazon.com,mfr5Nr
7,Penrod Lowin,3042784299,plowin6@gov.uk,j2CLrFCrkRz
8,Brandie Gartell,5364017009,bgartell7@macromedia.com,KX2QoShB
9,Patty Yourell,8763740595,pyourell8@clickbank.net,WFvQ6fDbwFw
10,Druci Reid,6942812071,dreid9@opera.com,rXFS3Pp
11,Eleanore Esilmon,9614223433,eesilmona@furl.net,1TBqxoMZRVh
12,Chantalle Haliburn,7642395929,chaliburnb@alibaba.com,RaHHZpiT
13,Meris Counsell,2552797289,mcounsellc@bloglovin.com,bjn4Dcds
14,Bard Dolden,6173807276,bdoldend@bbc.co.uk,LXtHA41
15,Robby Giacubbo,7635711547,rgiacubboe@free.fr,XKKrC1gnz
16,Leigh Pester,3931462855,lpesterf@mail.ru,DQ0iPh
17,Donal Cloney,6053387519,dcloneyg@yellowbook.com,DFYi81gi38Am
18,Duffie Agates,9937696861,dagatesh@reference.com,wbdK69WxWrM
19,Den Eickhoff,5873817362,deickhoffi@ifeng.com,HbctFK8qv8oJ
20,Stillman Pinwell,6429989805,spinwellj@printfriendly.com,6ViyihkBmU49
21,Reade Cassam,4034320768,rcassamk@desdev.cn,wBEWMKJhFfX
22,Hayyim Arnaldy,4214001526,harnaldyl@state.gov,y0kdo5
23,Lorne Cardoe,8447727674,lcardoem@springer.com,11VLwSM
24,Ulick Illesley,9303125327,uillesleyn@topsy.com,hqCf0aEzJG
25,Judy Glanester,2224261008,jglanestero@163.com,wBdzyWnmg9uM
26,Addy Harcombe,4618034706,aharcombep@w3.org,ONPi9f
27,Linnie Scotcher,9802193337,lscotcherq@unesco.org,E9UjTZU
28,Elsi Raimbauld,4642024802,eraimbauldr@symantec.com,U5EnSo
29,Sharona Millam,5418609823,smillams@oracle.com,FmpBPF
30,Maryjane Redfern,4026992907,mredfernt@columbia.edu,9iebeSzg56
31,Lucky Roubeix,1524351224,lroubeixu@odnoklassniki.ru,MetxvAH
32,Janessa Kummerlowe,5706514312,jkummerlowev@harvard.edu,3p9lXkatvZh
33,Devin Attac,8056468690,dattacw@tripod.com,3vBbL82EyWE
34,Lawrence Alliban,8181359942,lallibanx@spiegel.de,fCCJOs
35,Reinwald Swidenbank,7563807742,rswidenbanky@cyberchimps.com,Emye4mT8n
36,Curry Lanfere,3675803967,clanferez@alibaba.com,ys5aCQ0Tr
37,Lorraine Loosley,5473515703,lloosley10@nyu.edu,3m7zUoA6r
38,Freida Bedome,5514933200,fbedome11@mozilla.org,zVUmqJ5
39,Nara Kuhle,7686917072,nkuhle12@rakuten.co.jp,lSlRb9
40,Gris Croan,2937621695,gcroan13@reference.com,SzsaxZI
41,Rosaleen Phipp,7352003438,rphipp14@umich.edu,Px8Ne8bAF4Tj
42,Reilly Chiverton,4409467274,rchiverton15@nifty.com,pTRgicU12jwp
43,Walden McGoon,5249554889,wmcgoon16@springer.com,nKvIfXXdnz
44,Jareb Demougeot,5316297902,jdemougeot17@ucsd.edu,VcmqCJE
45,Aldwin Linnane,9664081012,alinnane18@exblog.jp,sMjnriVGBD
46,Anastasie Ellson,1999992854,aellson19@cisco.com,4o6yDzHS99Va
47,Edeline Wrigglesworth,6448528991,ewrigglesworth1a@latimes.com,o9zs5SP7T
48,Collete Kofax,7709571443,ckofax1b@theglobeandmail.com,qqZrwcHA0Dy
49,Toiboid Aylward,2087808407,taylward1c@de.vu,NR6fq4Nds
50,Zebadiah Gramer,2339605211,zgramer1d@globo.com,VyXlkh6py9
51,Rana Celle,9153582270,rcelle1e@biblegateway.com,5PFQLv
52,Phelia Fishbourn,8645599597,pfishbourn1f@addtoany.com,2cCGQgs
53,Carita MacTrustie,5806644643,cmactrustie1g@japanpost.jp,FwPsOX2m
54,Elmer Bryett,7293476614,ebryett1h@ifeng.com,ytJMQIs7Jjk
55,Frederich Filer,3634529716,ffiler1i@usgs.gov,XbYmoX9
56,Terry Wilgar,5515857603,twilgar1j@reference.com,1xJw3Bpd
57,Gris Bounde,9767126984,gbounde1k@ameblo.jp,8AfoNYF
58,Josefina Tillard,3477808647,jtillard1l@ucsd.edu,jnfnqoWSsJ
59,Trumann Oger,5711426673,toger1m@nih.gov,ztiEyOkZYI
60,Walker O'Haire,1215290112,wohaire1n@jalbum.net,PRYbRWA
61,Eduino Koppel,9485924696,ekoppel1o@princeton.edu,AruEdnodRrr
62,Jamima Soars,2826510972,jsoars1p@dropbox.com,KVrL1BegX
63,Suzann Tirone,9998821812,stirone1q@eventbrite.com,zTSDON3U
64,Sibylle Bleeze,6546544194,sbleeze1r@foxnews.com,G4Lv1i
65,Lev Pirnie,4781315735,lpirnie1s@theatlantic.com,MUC3nDrBAwj
66,Ruperto Wyer,3779398206,rwyer1t@bing.com,HklP2R
67,Alon Cervantes,1706396639,acervantes1u@cyberchimps.com,yhdk1n
68,Morlee Antcliff,6747182928,mantcliff1v@1und1.de,vgk7Tp6U
69,Angela Suffe,4517391140,asuffe1w@sciencedaily.com,Atmcvl
70,Robby Fazzioli,6987873294,rfazzioli1x@trellian.com,DXZqlZI
71,Sylvester Gemson,2194674607,sgemson1y@sun.com,1o48RETiF
72,Vilhelmina Fayre,5108801313,vfayre1z@reuters.com,rAbWNHkiX
73,Panchito Hawkshaw,6016962070,phawkshaw20@mtv.com,3UQPMOS
74,Ky Brewster,8398550197,kbrewster21@sogou.com,dnYbwcBV5
75,Aura Shearn,6653066920,ashearn22@wikia.com,Owhc9dClENF
76,Tamarah Beche,3589336987,tbeche23@patch.com,jVZ48y7N
77,Felipa Barbie,7572208283,fbarbie24@gnu.org,ytZo3GpBdD
78,Arlinda Phillps,6611233116,aphillps25@blinklist.com,4oWQhlSsdt5
79,Virginie Ciani,4572437715,vciani26@artisteer.com,Qz2VqHj
80,Torrin Paike,8299030608,tpaike27@usgs.gov,t6XRye
81,Gillian Laydon,7762743081,glaydon28@princeton.edu,5DiDwDo
82,Jacquie Azema,8694477111,jazema29@themeforest.net,Xv5dVgnv2cnG
83,Marjy Kelston,4126720500,mkelston2a@phpbb.com,cP3RK9ihk4Qm
84,Winnie Wasiela,1229777821,wwasiela2b@1688.com,7uOzbDdWA
85,Latrena Burl,6118066499,lburl2c@plala.or.jp,sCG79QhNXJkh
86,Janna Roads,4128920985,jroads2d@pagesperso-orange.fr,PCjRh6
87,Jefferey Dougill,6527098226,jdougill2e@newsvine.com,6Ia5BvH0odLc
88,Ursa Thomasson,2752744580,uthomasson2f@unesco.org,V6LlLlQ71c
89,Gustav McCurt,1244814104,gmccurt2g@yahoo.com,oNbTA4xRjQ
90,Rozalin Meins,4155301815,rmeins2h@army.mil,ciLm9cmHI9D
91,Jacob Gallone,2779996528,jgallone2i@homestead.com,KWTmXjx
92,Adelind Piercey,6233472530,apiercey2j@java.com,GC06ui
93,Roma Niezen,1565429770,rniezen2k@merriam-webster.com,7LITge
94,Niko Vasilchenko,8345811494,nvasilchenko2l@yolasite.com,J0qywhPNTv
95,Francene Lutz,9532742130,flutz2m@alexa.com,oEJGYiDGENz
96,Marlo Albutt,4615085861,malbutt2n@artisteer.com,qzHSprWF
97,Emmaline Grelik,1339160092,egrelik2o@1und1.de,c30E3qf7
98,Sim Heams,2481874511,sheams2p@blogger.com,zMmUAQkhq
99,Twyla Northin,4865092650,tnorthin2q@lycos.com,Fj26pHY
100,Kahaleel Hadlow,4722005586,khadlow2r@prweb.com,suDb36LM
